use airdatabase;
INSERT INTO airport(airport_ID,airport_name,city,country)
VALUES('PEK','北京首都机场','北京市','中国'),('PKX','北京大兴机场','北京市','中国'),('PVG','上海浦东机场','上海市','中国'),('SHA','上海虹桥机场','上海市','中国'),('CAN','广州白云机场','广州市','中国'),('SZX','深圳宝安机场','深圳市','中国'),('CTU','成都天府机场','成都市','中国'),('XIY','西安咸阳机场','西安市','中国'),('KMG','昆明长水机场','昆明市','中国'),('CSX','长沙黄花机场','长沙市','中国'),('WUH','武汉天河机场','武汉市','中国'),('NKG','南京禄口机场','南京市','中国'),('HGH','杭州萧山机场','杭州市','中国'),('TSN','天津滨海机场','天津市','中国'),('CKG','重庆江北机场','重庆市','中国'),('NRT','东京成田国际机场','东京','日本'),('ICN','首尔仁川国际机场','首尔','韩国'),('SIN','新加坡樟宜机场','新加坡','新加坡'),('BKK','曼谷素万那普机场','曼谷','泰国'),('LAX','洛杉矶国际机场','洛杉矶','美国');



INSERT INTO airlinecompany(airlinecompany_ID,airlinecompany_name,airlinecompany_telephone)
VALUES('10001','中国国际航空','95583000'),('10002','中国东方航空','95530000'),('10003','中国南方航空','95539000'),('10004','海南航空','95339000'),('10005','春秋航空','95524000'),('10006','四川航空','95378000'),('10007','上海航空','95530111'),('10008','山东航空','95369000'),('10009','首都航空','95375000'),('10010','华夏航空','40060666'),('10011','日本航空','43860638');




INSERT INTO flight(flight_ID,airlinecompany_ID,airport_from,airport_to,time_takeoff,time_arrive,seat0_capacity,seat1_capacity,seat0_price,seat1_price,discount)
VALUES('00CA1234','10001','北京首都机场','上海浦东机场','08:00','10:30',24,150,50,38,0.95),('00CA2345','10001','上海浦东机场','北京首都机场','14:20','16:50',24,150,50,38,0.95),('00MU3456','10002','上海浦东机场','广州白云机场','09:15','12:20',20,160,50,42,0.90),('00MU4567','10002','广州白云机场','上海浦东机场','18:30','21:35',20,160,50,42,0.90),('00CZ5670','10003','广州白云机场','北京首都机场','07:45','10:45',16,180,50,45,0.88),('00CZ6780','10003','北京首都机场','广州白云机场','19:10','22:10',16,180,50,45,0.88),('00HU7890','10004','北京首都机场','深圳宝安机场','11:30','14:40',28,140,50,40,0.92),('00HU8900','10004','深圳宝安机场','北京首都机场','20:15','23:25',28,140,50,40,0.92),('009C9010','10005','上海浦东机场','成都天府机场','13:25','16:35',0,180,0,25,0.75),('009C1230','10005','成都天府机场','上海浦东机场','17:50','21:00',0,180,0,25,0.75),('003U2340','10006','成都天府机场','西安咸阳机场','10:40','12:20',12,165,35,22,0.85),('003U3450','10006','西安咸阳机场','成都天府机场','15:30','17:10',12,165,35,22,0.85),('00FM4560','10007','上海虹桥机场','杭州萧山机场','08:30','09:20',8,120,30,18,0.90),('00FM5670','10007','杭州萧山机场','上海虹桥机场','21:40','22:30',8,120,30,18,0.90),('00SC6780','10008','天津滨海机场','长沙黄花机场','12:10','14:30',15,155,45,28,0.88),('00SC7890','10008','长沙黄花机场','天津滨海机场','16:45','19:05',15,155,45,28,0.88),('00JD8900','10009','北京首都机场','重庆江北机场','22:30','01:20',18,170,50,35,0.82),('00G59010','10010','重庆江北机场','昆明长水机场','06:50','08:30',6,90,48,30,0.85),('00NH9870','10011','东京成田机场','北京首都机场','05:30','07:30',32,200,50,48,1.00),('00CA9012','10001','北京首都机场','东京成田机场','10:30','14:45',32,200,50,48,1.00),('00CA8123','10001','东京成田机场','北京首都机场','16:20','19:30',32,200,50,48,1.00),('00MU1234','10002','上海浦东机场','首尔仁川机场','12:15','14:30',24,180,50,35,0.95),('00CZ2345','10003','广州白云机场','新加坡樟宜机场','23:55','04:30',40,250,50,42,0.90),('00HU3456','10004','北京首都机场','曼谷素万那普机场','01:40','06:20',36,220,50,45,0.88),('00CA4567','10001','上海浦东机场','洛杉矶机场','14:50','11:20',48,280,50,30,1.00);


INSERT INTO flightrecord(flightrecord_ID,flight_ID,flight_date,seat0_left,seat1_left)
VALUES('CA123420250710','00CA1234','2025-07-10',24,150),('CA234520250710','00CA2345','2025-07-10',24,150),('MU345620250710','00MU3456','2025-07-10',20,160),('MU456720250710','00MU4567','2025-07-10',20,160),('CZ567020250710','00CZ5670','2025-07-10',16,180),('CZ678020250710','00CZ6780','2025-07-10',16,180),('HU789020250710','00HU7890','2025-07-10',28,140),('HU890020250710','00HU8900','2025-07-10',28,140),('9C901020250710','009C9010','2025-07-10',0,180),('9C123020250710','009C1230','2025-07-10',0,180),('3U234020250710','003U2340','2025-07-10',12,165),('3U345020250710','003U3450','2025-07-10',12,165),('FM456020250710','00FM4560','2025-07-10',8,120),('FM567020250710','00FM5670','2025-07-10',8,120),('SC678020250710','00SC6780','2025-07-10',15,155),('SC789020250710','00SC7890','2025-07-10',15,155),('JD890020250710','00JD8900','2025-07-10',18,170),('G5901020250710','00G59010','2025-07-10',6,90),('NH987020250710','00NH9870','2025-07-10',32,200),('CA901220250710','00CA9012','2025-07-10',32,200),('CA812320250710','00CA8123','2025-07-10',32,200),('MU123420250710','00MU1234','2025-07-10',24,180),('CZ234520250710','00CZ2345','2025-07-10',40,250),('HU345620250710','00HU3456','2025-07-10',36,220),('CA456720250710','00CA4567','2025-07-10',48,280),
      ('CA123420250711','00CA1234','2025-07-11',24,150),('CA234520250711','00CA2345','2025-07-11',24,150),('MU345620250711','00MU3456','2025-07-11',20,160),('MU456720250711','00MU4567','2025-07-11',20,160),('CZ567020250711','00CZ5670','2025-07-11',16,180),('CZ678020250711','00CZ6780','2025-07-11',16,180),('HU789020250711','00HU7890','2025-07-11',28,140),('HU890020250711','00HU8900','2025-07-11',28,140),('9C901020250711','009C9010','2025-07-11',0,180),('9C123020250711','009C1230','2025-07-11',0,180),('3U234020250711','003U2340','2025-07-11',12,165),('3U345020250711','003U3450','2025-07-11',12,165),('FM456020250711','00FM4560','2025-07-11',8,120),('FM567020250711','00FM5670','2025-07-11',8,120),('SC678020250711','00SC6780','2025-07-11',15,155),('SC789020250711','00SC7890','2025-07-11',15,155),('JD890020250711','00JD8900','2025-07-11',18,170),('G5901020250711','00G59010','2025-07-11',6,90),('NH987020250711','00NH9870','2025-07-11',32,200),('CA901220250711','00CA9012','2025-07-11',32,200),('CA812320250711','00CA8123','2025-07-11',32,200),('MU123420250711','00MU1234','2025-07-11',24,180),('CZ234520250711','00CZ2345','2025-07-11',40,250),('HU345620250711','00HU3456','2025-07-11',36,220),('CA456720250711','00CA4567','2025-07-11',48,280),
      ('CA123420250712','00CA1234','2025-07-12',24,150),('CA234520250712','00CA2345','2025-07-12',24,150),('MU345620250712','00MU3456','2025-07-12',20,160),('MU456720250712','00MU4567','2025-07-12',20,160),('CZ567020250712','00CZ5670','2025-07-12',16,180),('CZ678020250712','00CZ6780','2025-07-12',16,180),('HU789020250712','00HU7890','2025-07-12',28,140),('HU890020250712','00HU8900','2025-07-12',28,140),('9C901020250712','009C9010','2025-07-12',0,180),('9C123020250712','009C1230','2025-07-12',0,180),('3U234020250712','003U2340','2025-07-12',12,165),('3U345020250712','003U3450','2025-07-12',12,165),('FM456020250712','00FM4560','2025-07-12',8,120),('FM567020250712','00FM5670','2025-07-12',8,120),('SC678020250712','00SC6780','2025-07-12',15,155),('SC789020250712','00SC7890','2025-07-12',15,155),('JD890020250712','00JD8900','2025-07-12',18,170),('G5901020250712','00G59010','2025-07-12',6,90),('NH987020250712','00NH9870','2025-07-12',32,200),('CA901220250712','00CA9012','2025-07-12',32,200),('CA812320250712','00CA8123','2025-07-12',32,200),('MU123420250712','00MU1234','2025-07-12',24,180),('CZ234520250712','00CZ2345','2025-07-12',40,250),('HU345620250712','00HU3456','2025-07-12',36,220),('CA456720250712','00CA4567','2025-07-12',48,280);